{
    "designerVersion" : "1.7.59",
    "id" : "customCustomTablePagination",
    "name" : "customTablePagination",
    "lastUpdate" : 1545229510809,
    "template": "<div class=\"table-responsive\">\r\n    <input \r\n    class=\"form-control\" \r\n    ng-model = \"search\" \r\n    type=\"text\" placeholder=\"Search\">\r\n    <br>\r\n<table class=\"table table-striped\" ng-class=\"{'table-hover': ctrl.isClickable()}\">\r\n        <thead>\r\n            <tr>\r\n                <th ng-repeat=\"header in properties.headers\"  ng-click=\"sort(properties.columnsKey[$index])\">\r\n                    {{ header | uiTranslate }}\r\n                    <span class=\"glyphicon sort-icon\" ng-show=\"sortKey==properties.columnsKey[$index]\" ng-class=\"{'glyphicon-chevron-up':reverse, 'glyphicon-chevron-down':!reverse}\"></span>\r\n                </th>\r\n            </tr>\r\n        </thead>\r\n        <tbody ng-if=\"ctrl.isArray(properties.content) && ctrl.isArray(properties.columnsKey)\">\r\n            <tr dir-paginate=\"row in filterList.length == undefined ? properties.content : filterList | orderBy:sortKey:reverse | itemsPerPage: properties.itemsPerPage | filter : search\" ng-click=\"ctrl.selectRow(row)\" ng-class=\"{'info': ctrl.isSelected(row)}\" pagination-id=\"people\">\r\n                <td ng-repeat=\"column in properties.columnsKey track by $index\" >\r\n                    {{ $eval(column, row) | uiTranslate }}\r\n                </td>\r\n            </tr>\r\n        </tbody>\r\n        <tbody ng-if=\"ctrl.isArray(properties.content) && !ctrl.isArray(properties.columnsKey)\">\r\n            <tr dir-paginate=\"row in properties.content\" ng-click=\"ctrl.selectRow(row)\" ng-class=\"{'info': ctrl.isSelected(row)}\">\r\n                <td> {{ row | uiTranslate }} </td>\r\n            </tr>\r\n        </tbody>\r\n    </table>\r\n    <dir-pagination-controls pagination-id=\"people\" class=\"pull-right\"></dir-pagination-controls>\r\n</div>\r\n",
    "controller": "/**\r\n * The controller is a JavaScript function that augments the AngularJS scope and exposes functions that can be used in the custom widget template\r\n * \r\n * Custom widget properties defined on the right can be used as variables in a controller with $scope.properties\r\n * To use AngularJS standard services, you must declare them in the main function arguments.\r\n * \r\n * You can leave the controller empty if you do not need it.\r\n */\r\nfunction LastTableCtrl($scope, $filter) {\r\n\r\n    this.isArray = Array.isArray;\r\n    $scope.filterList = [];\r\n    this.isClickable = function () {\r\n      return $scope.properties.isBound('selectedRow');\r\n    };\r\n    \r\n    this.selectRow = function (row) {\r\n      if (this.isClickable()) {\r\n        $scope.properties.selectedRow = row;\r\n      }\r\n    };\r\n    \r\n   $scope.$watch('search', function (term) {\r\n      var obj = term;\r\n      \r\n      $scope.filterList = $filter('filter')($scope.properties.content, obj);\r\n      $scope.currentPage = 1;\r\n    }); \r\n   \r\n    $scope.sort = function(name)\r\n    {\r\n        console.log(name);\r\n        $scope.sortKey = name;\r\n        $scope.reverse = !$scope.reverse;\r\n    };\r\n    \r\n    this.isSelected = function(row) {\r\n      return angular.equals(row, $scope.properties.selectedRow);\r\n    };\r\n    \r\n  }",
    "custom" : true,
    "properties" : [ {
      "label" : "Headers",
      "name" : "headers",
      "caption" : "Comma-separated list",
      "help" : "If you specify an expression, the result must be an array of strings",
      "type" : "collection",
      "defaultValue" : [ "Id", "Name", "Description", "Date" ],
      "bond" : "expression"
    }, {
      "label" : "Content",
      "name" : "content",
      "help" : "Array used to populate the table. Can be a list of objects. Use 'Column keys' to refine content",
      "type" : "collection",
      "bond" : "expression"
    }, {
      "label" : "Column keys",
      "name" : "columnsKey",
      "caption" : "Use <a href=\"javascript:void(0);\" open-help=\"filters\" editor-mode=\"page\">Filters</a> to format the data (e.g. <span ng-non-bindable>columnKey|uiDate</span>)",
      "help" : "When 'Content' is a list of objects, specifies the attributes to display in the table columns",
      "type" : "collection",
      "bond" : "expression"
    }, {
      "label" : "Selected Row",
      "name" : "selectedRow",
      "type" : "text",
      "bond" : "variable"
    }, {
      "label" : "Current Page",
      "name" : "currentPage",
      "type" : "integer",
      "defaultValue" : 1,
      "bond" : "expression"
    }, {
      "label" : "Max Size",
      "name" : "maxSize",
      "type" : "integer",
      "defaultValue" : 5,
      "bond" : "expression"
    }, {
      "label" : "Items Per Page",
      "name" : "itemsPerPage",
      "type" : "integer",
      "defaultValue" : 25,
      "bond" : "expression"
    } ],
    "assets" : [ {
      "id" : "d65a855c-b45e-45f0-86f0-26024a3dc146",
      "name" : "angular-strap.min.js",
      "type" : "js",
      "order" : 1,
      "external" : false
    }, {
      "id" : "80e48ff5-0d27-4a8b-a3c7-f528be539d5e",
      "name" : "filter.js",
      "type" : "js",
      "order" : 3,
      "external" : false
    }, {
      "id" : "d77ea7d9-28e5-4952-8b24-d4030c183818",
      "name" : "dirPagination.js",
      "type" : "js",
      "order" : 2,
      "external" : false
    } ],
    "requiredModules" : [ "angular.filter", "angularUtils.directives.dirPagination" ],
    "type" : "widget",
    "hasHelp" : false
  }